{
  "A": {
    "ticker": "A",
    "pct_change": [
      -0.7481900725272008,
      6.108464903728994,
      -1.521329945958289,
      -4.031002376610873,
      -1.3500391929746778,
      -1.5106038828636468,
      1.9238730073189503,
      1.789779265590643,
      -0.7126037480656834,
      -0.737331011485705,
      1.2369399013824172,
      10.029644962011414,
      -0.7233258609060251,
      -0.14026186640084226,
      -0.6632562079787335,
      -3.3771657763801337,
      -1.5308331556060144,
      -36.031202127331994
    ],
    "expected_return": [
      -0.9174411971347645
    ]
  }
}